1,Phillip,Garza,"Rolfson, Orn and Runolfsdottir",57971 Hansons Hill,Houston,TX,77250,713-767-2749,574-227-1466,pgarza0@diigo.com,http://fotki.com,2012-01-23,1946-11-08,20350
2,Kelly,Gilbert,Stark-Dickens,39480 Ilene Point,Silver Spring,MD,20904,410-758-6776,602-205-5849,kgilbert1@mapy.cz,http://bbb.org,2012-10-08,1974-11-11,21091
3,Jonathan,Wood,"Mraz, Brekke and Krajcik",290 Roth Hill,Milwaukee,WI,53225,414-835-4444,405-552-8327,jwood2@hatena.ne.jp,https://flickr.com,2013-03-24,1952-11-01,39787
4,Judith,Garrett,"Zemlak, Kihn and Blanda",649 Coolidge Drive,South Bend,IN,46699,574-430-1342,209-982-0985,jgarrett3@people.com.cn,https://bloomberg.com,2010-03-13,1914-12-31,37945
5,Deborah,Young,Monahan-O'Conner,14 Maple Terrace,Salt Lake City,UT,84152,801-474-4759,207-565-7406,dyoung4@yolasite.com,http://cnet.com,2014-05-09,1977-08-27,32885
6,Justin,Pierce,Predovic-Hartmann,53980 Calypso Point,Tacoma,WA,98481,253-771-3714,678-590-1209,jpierce5@t-online.de,https://cmu.edu,2013-03-16,1955-05-07,71828
7,Kimberly,Davis,Huels-Armstrong,1103 Fairview Point,Anchorage,AK,99512,907-885-1572,303-711-7926,kdavis6@linkedin.com,http://slate.com,2015-07-07,1901-04-24,64899
8,Alice,Gutierrez,Douglas-Bernhard,7737 South Crossing,Colorado Springs,CO,80945,719-483-6276,915-607-4706,agutierrez7@naver.com,http://reverbnation.com,2015-02-17,1915-07-12,37555
9,Kathy,Carpenter,"Morar, Deckow and Wolf",98 Shoshone Alley,Amarillo,TX,79105,806-809-6396,806-929-3100,kcarpenter8@tamu.edu,http://tamu.edu,2013-01-27,1992-10-18,58274
10,Robin,Cox,Abshire Inc,2914 Delaware Way,Atlanta,GA,31106,404-882-1482,919-171-2501,rcox9@indiegogo.com,http://tinypic.com,2011-02-15,1911-11-26,50757
11,Kelly,Hughes,Marks-Nikolaus,5 Westridge Park,Memphis,TN,38104,901-305-7730,703-604-3835,khughesa@friendfeed.com,http://sina.com.cn,2013-05-19,1929-10-05,76032
12,Judy,Turner,Bogan-Cole,76580 Sauthoff Drive,Arlington,VA,22234,571-821-3772,915-129-9957,jturnerb@usgs.gov,http://xinhuanet.com,2011-07-08,1910-03-04,67199
13,Jose,Wheeler,"Jacobi, Heidenreich and Nitzsche",67106 Continental Parkway,Jacksonville,FL,32236,904-946-0612,909-585-8338,jwheelerc@cyberchimps.com,https://prlog.org,2010-03-22,1991-10-01,61376
14,Angela,Mendoza,Keebler LLC,44457 Hanson Point,Charlotte,NC,28242,704-959-9474,971-301-5335,amendozad@ed.gov,http://columbia.edu,2015-11-27,1962-01-11,59952
15,Bonnie,Mason,"Witting, Wolff and Abshire",85 Shoshone Alley,San Diego,CA,92191,619-943-3766,314-355-9982,bmasone@hud.gov,https://europa.eu,2014-02-02,1984-12-01,56368
16,Carl,Hill,Cartwright-Bartell,2332 Anderson Alley,Des Moines,IA,50393,515-774-9872,484-645-8523,chillf@fda.gov,https://dailymail.co.uk,2014-01-22,1975-10-12,55936
17,Patrick,Brooks,Waelchi-Jenkins,11186 Autumn Leaf Parkway,Santa Fe,NM,87592,505-925-6456,706-676-6850,pbrooksg@weibo.com,http://disqus.com,2011-06-19,1925-03-07,68584
18,Jack,Richardson,Veum LLC,52883 Debs Center,Providence,RI,02905,401-665-9138,240-102-5440,jrichardsonh@kickstarter.com,https://examiner.com,2010-03-28,1901-03-22,60150
19,Nancy,Rice,"Jones, Stark and Torp",35499 Everett Road,Austin,TX,78710,512-848-8507,901-939-3300,nricei@google.co.jp,http://tinypic.com,2015-08-12,1947-02-26,46245
20,Paul,Fowler,"Effertz, Renner and Russel",45717 Emmet Pass,Virginia Beach,VA,23471,757-825-2188,202-883-8122,pfowlerj@cnbc.com,http://exblog.jp,2012-05-16,1947-06-13,65641
21,Julie,Cooper,"Kuhn, Brakus and Collier",8873 Oriole Way,Trenton,NJ,08638,609-656-2455,303-985-0290,jcooperk@hibu.com,https://about.com,2015-05-25,1911-06-19,93814
22,Deborah,Ruiz,"Terry, Cronin and Heaney",812 Park Meadow Pass,Saint Paul,MN,55108,651-444-4914,314-723-7102,druizl@ucla.edu,https://ihg.com,2010-10-22,1970-01-30,97758
23,James,Campbell,"Herman, Klocko and Hackett",9 Dakota Point,New Haven,CT,06533,203-450-9968,253-245-4745,jcampbellm@istockphoto.com,https://census.gov,2016-06-19,1959-01-24,63489
24,Scott,Morales,"Brown, Bailey and Beatty",82 Stang Plaza,Detroit,MI,48267,313-633-0992,585-720-1263,smoralesn@yale.edu,https://slideshare.net,2012-03-16,1958-09-06,86004
25,Lisa,Burns,"Lang, Feil and Jaskolski",74302 Dawn Court,San Francisco,CA,94147,415-729-9336,309-293-8670,lburnso@booking.com,https://themeforest.net,2014-10-21,1969-10-27,36126
26,Joan,Taylor,Schiller-Frami,0 Manufacturers Park,Salt Lake City,UT,84105,801-565-0155,682-857-4598,jtaylorp@nytimes.com,http://stumbleupon.com,2013-08-23,1911-01-27,88744
27,Joan,Roberts,Nikolaus-Gaylord,7021 West Point,Louisville,KY,40233,502-353-9446,203-594-6972,jrobertsq@msu.edu,https://sina.com.cn,2013-05-27,1946-08-05,84025
28,Cheryl,Meyer,West Inc,870 Green Street,Youngstown,OH,44555,330-891-3222,704-776-4954,cmeyerr@cpanel.net,https://mozilla.org,2016-01-01,1990-12-29,88628
29,Amanda,Long,Steuber-Satterfield,839 Rockefeller Court,Durham,NC,27705,919-325-1201,612-668-3175,alongs@mozilla.org,https://tinyurl.com,2016-04-11,1916-12-22,55521
30,Gerald,Perry,Kassulke and Sons,8670 Glacier Hill Alley,Frederick,MD,21705,240-641-4816,209-466-8675,gperryt@gravatar.com,http://ycombinator.com,2013-07-21,1909-04-29,88954
31,Jerry,Adams,"Witting, Vandervort and Gerlach",14 Gina Hill,Tampa,FL,33686,813-238-1789,269-521-4409,jadamsu@hp.com,https://lycos.com,2016-03-08,1927-02-27,68266
32,Billy,Robinson,Murazik Group,452 Hallows Road,Newton,MA,02458,857-776-3027,862-685-6191,brobinsonv@sbwire.com,https://g.co,2010-04-26,1954-03-30,35618
33,Amy,Matthews,"Howell, Hane and Schroeder",2 Fairfield Park,Fairbanks,AK,99790,907-638-2980,619-299-9688,amatthewsw@pcworld.com,http://google.es,2011-02-24,1923-01-29,37295
34,Deborah,Peters,"Lemke, Yost and Jakubowski",534 Springview Street,Fullerton,CA,92835,714-412-4019,240-994-1753,dpetersx@tumblr.com,https://merriam-webster.com,2013-07-01,1993-10-25,71458
35,Elizabeth,King,Ankunding-Skiles,09 Melvin Trail,Buffalo,NY,14276,716-769-3893,256-710-8401,ekingy@plala.or.jp,http://goo.gl,2012-07-05,1962-01-20,66306
36,Cynthia,Stevens,Padberg LLC,7052 Dexter Avenue,Nashville,TN,37235,615-172-8392,315-459-6896,cstevensz@timesonline.co.uk,https://yale.edu,2016-03-22,1962-08-17,83360
37,Russell,Fernandez,"Cremin, Kuhic and Zboncak",500 Shasta Crossing,Everett,WA,98206,425-872-8407,623-935-7700,rfernandez10@va.gov,https://imageshack.us,2015-02-18,1979-11-04,78401
38,Andrew,Taylor,"Collins, Schoen and Daniel",0 Homewood Street,Spokane,WA,99205,509-588-7944,941-256-0672,ataylor11@biblegateway.com,https://opensource.org,2011-07-27,1996-06-14,89282
39,Lori,Welch,Hudson-Crist,347 Bunting Road,Boise,ID,83716,208-758-9171,916-303-6643,lwelch12@delicious.com,http://forbes.com,2012-12-27,1933-10-12,90126
40,Teresa,Graham,Reinger and Sons,6184 Anhalt Junction,Los Angeles,CA,90081,213-719-1530,202-470-8204,tgraham13@shop-pro.jp,http://tripod.com,2016-09-21,1934-08-06,24088
41,Henry,Peterson,"Turcotte, Metz and Haag",67739 Walton Avenue,Birmingham,AL,35244,205-898-8098,954-922-4471,hpeterson14@nsw.gov.au,https://altervista.org,2016-04-02,1959-11-24,93220
42,Howard,Oliver,Hermiston Inc,10808 Briar Crest Terrace,Phoenix,AZ,85005,602-836-9970,706-335-9234,holiver15@salon.com,http://hud.gov,2014-04-18,1900-04-05,93895
43,Billy,Adams,"Effertz, Macejkovic and O'Conner",0485 Paget Court,New Hyde Park,NY,11044,516-150-7410,682-451-1780,badams16@clickbank.net,http://theatlantic.com,2012-02-02,1973-11-03,91708
44,Gary,Nelson,Harber LLC,33 Rowland Road,Atlanta,GA,31165,404-370-6422,503-247-9183,gnelson17@msn.com,https://hubpages.com,2010-07-22,1958-03-12,91210
45,Jacqueline,Nichols,Bahringer Inc,9335 Golf Way,Marietta,GA,30066,770-381-9029,810-124-4108,jnichols18@blinklist.com,https://sourceforge.net,2014-07-03,1914-06-23,97947
46,Edward,Wells,Block Inc,3 Sutteridge Drive,Houston,TX,77055,713-679-4047,216-346-4337,ewells19@thetimes.co.uk,https://liveinternet.ru,2010-05-05,1910-03-15,55642
47,Steve,Nelson,Nader LLC,8 Butternut Junction,Schaumburg,IL,60193,630-952-2826,937-246-6955,snelson1a@opensource.org,http://t-online.de,2014-11-27,1985-10-05,89096
48,Wanda,Hall,Walker-Daniel,49 Springs Point,Lafayette,IN,47905,765-777-0321,713-477-3608,whall1b@cafepress.com,https://whitehouse.gov,2012-09-05,1978-09-28,39547
49,Richard,Clark,"Jacobi, Schiller and Murazik",67 Straubel Circle,Roanoke,VA,24034,540-944-0301,765-856-7709,rclark1c@unicef.org,http://clickbank.net,2012-12-18,1964-02-20,93493
50,Kathy,Dunn,Botsford-Dooley,486 Beilfuss Hill,Washington,DC,20380,202-342-2317,971-451-8807,kdunn1d@globo.com,http://bloomberg.com,2014-10-01,1933-05-17,22603
51,Jonathan,Harris,Rolfson-Hackett,4491 Moulton Park,Boston,MA,02216,617-293-9036,775-184-3138,jharris1e@parallels.com,http://newyorker.com,2014-06-04,1929-06-23,92845
52,Brandon,Bradley,Ward-Olson,396 Roth Court,Omaha,NE,68164,402-871-8153,203-789-9694,bbradley1f@npr.org,http://ox.ac.uk,2015-03-08,1969-10-02,90570
53,Theresa,Walker,Fadel Inc,35 Holy Cross Plaza,Bryan,TX,77806,979-727-5815,772-896-5442,twalker1g@mysql.com,https://wordpress.com,2015-11-18,1989-04-13,54749
54,Emily,Hicks,Ullrich and Sons,43026 Maryland Point,Houston,TX,77070,832-382-7341,314-994-9335,ehicks1h@nsw.gov.au,http://squidoo.com,2011-02-14,1920-08-02,35047
55,Jack,Daniels,Vandervort-Prosacco,1 Hermina Court,Vienna,VA,22184,571-265-8827,414-846-6491,jdaniels1i@dagondesign.com,https://cafepress.com,2011-06-11,1984-03-09,75564
56,Kathy,Kennedy,Kohler LLC,3 Thompson Drive,Los Angeles,CA,90050,213-332-3849,912-769-2960,kkennedy1j@senate.gov,https://alibaba.com,2010-03-29,1948-04-13,50376
57,Janet,Palmer,Johnson Inc,819 Rutledge Alley,Louisville,KY,40256,502-387-8463,917-223-3165,jpalmer1k@nbcnews.com,https://yandex.ru,2011-07-18,1908-11-17,70371
58,Carolyn,Lawson,Kilback-McKenzie,7221 Badeau Junction,Greenville,SC,29605,864-974-9967,904-830-3241,clawson1l@wp.com,http://nps.gov,2010-06-10,1984-02-03,51173
59,Marilyn,Brown,"Kiehn, Roberts and Roberts",85 Service Pass,El Paso,TX,79989,915-918-0116,571-710-5181,mbrown1m@reuters.com,https://jigsy.com,2011-01-23,1993-07-18,63633
60,Gary,Ward,"Goyette, Kilback and Lowe",266 Almo Pass,Cincinnati,OH,45228,513-622-5238,712-450-3733,gward1n@reddit.com,http://pagesperso-orange.fr,2010-11-14,1972-10-02,52432
61,Walter,Mason,McDermott LLC,7063 Mitchell Way,Topeka,KS,66642,785-973-7494,352-575-3123,wmason1o@spotify.com,http://nifty.com,2011-06-18,1957-04-26,92710
62,Michelle,Flores,Feil-Goodwin,5132 Katie Terrace,Houston,TX,77070,713-944-3392,480-134-8516,mflores1p@ox.ac.uk,http://youtu.be,2010-02-10,1952-02-29,72319
63,Ashley,Watson,Gaylord Inc,55 Mesta Place,Pinellas Park,FL,34665,850-336-4093,719-469-8151,awatson1q@networksolutions.com,https://issuu.com,2015-06-25,1961-12-05,31482
64,Nicole,Adams,Goldner Group,01555 Shelley Place,Cleveland,OH,44130,216-836-7232,602-816-0871,nadams1r@mayoclinic.com,http://dagondesign.com,2015-06-22,1991-06-22,69792
65,Billy,Gray,Stracke Group,92079 Marquette Terrace,Richmond,VA,23242,804-223-4063,915-865-8041,bgray1s@upenn.edu,https://fema.gov,2014-07-12,1956-07-04,61862
66,Virginia,Davis,Schuppe-Franecki,72 Kinsman Circle,Alpharetta,GA,30022,678-919-0542,205-931-2506,vdavis1t@dion.ne.jp,https://ucla.edu,2014-04-29,1926-03-22,84890
67,Carl,Simmons,"Stamm, Auer and Hessel",05886 Lakewood Trail,Spokane,WA,99252,509-228-0762,240-199-5492,csimmons1u@xinhuanet.com,https://sina.com.cn,2011-09-29,1909-10-10,48787
68,Wayne,Jordan,Weimann Inc,817 Birchwood Crossing,Des Moines,IA,50315,515-339-2593,518-979-1897,wjordan1v@bbc.co.uk,https://nasa.gov,2010-03-16,1905-07-20,37941
69,Ernest,Foster,Hamill and Sons,640 Aberg Hill,Farmington,MI,48335,248-706-6856,405-677-4668,efoster1w@google.nl,https://amazon.co.jp,2015-12-11,1963-11-24,23887
70,Ruth,Lee,Stiedemann Inc,530 Bay Circle,Springfield,MA,01105,413-558-1761,213-768-8065,rlee1x@nbcnews.com,https://abc.net.au,2010-01-06,1962-11-02,45988
71,William,Alexander,Schmitt Group,82 Riverside Street,Texarkana,TX,75507,903-726-4575,212-866-4459,walexander1y@nytimes.com,http://imdb.com,2013-06-16,1956-08-26,34668
72,Jonathan,Cook,Weimann-Jacobi,69 Declaration Plaza,Marietta,GA,30061,770-546-2206,360-686-9959,jcook1z@seattletimes.com,http://foxnews.com,2016-09-03,1968-01-23,79292
73,Michael,Baker,Lind LLC,94 Macpherson Drive,Greensboro,NC,27499,336-141-6761,910-510-6977,mbaker20@narod.ru,https://ifeng.com,2014-07-07,1943-04-05,56118
74,Kevin,Porter,Yost-Hand,22 Roxbury Road,Shawnee Mission,KS,66220,913-733-1628,917-901-0362,kporter21@mlb.com,https://forbes.com,2013-01-14,1970-11-03,23869
75,Joyce,Harvey,Gibson-Rempel,8505 Manley Crossing,Pittsburgh,PA,15286,412-301-1898,281-434-4929,jharvey22@ucoz.com,http://php.net,2011-02-07,1988-12-10,38842
76,Charles,Peters,Schneider-Stark,68 Welch Circle,Roanoke,VA,24024,540-221-6043,415-215-3983,cpeters23@vk.com,https://utexas.edu,2013-02-13,1963-10-05,72356
77,Samuel,Arnold,Murphy-Langworth,59568 North Point,Hartford,CT,06152,860-570-4762,770-611-2129,sarnold24@elegantthemes.com,http://mit.edu,2013-06-13,1991-04-20,80222
78,Carolyn,Sullivan,Reynolds LLC,8 Erie Plaza,Saint Petersburg,FL,33710,727-616-5906,706-117-5415,csullivan25@g.co,http://discovery.com,2013-10-28,1965-04-19,51750
79,Aaron,Watkins,"Towne, Cremin and Cummerata",3 Thierer Street,Winston Salem,NC,27110,336-700-6671,971-445-1017,awatkins26@apache.org,http://ameblo.jp,2015-11-01,1929-11-27,86846
80,Lillian,Price,Kovacek Group,4789 Stang Circle,Austin,TX,78715,512-522-4913,949-357-5682,lprice27@free.fr,http://ted.com,2010-12-09,1994-06-11,88767
81,John,Mcdonald,Weissnat-Gusikowski,6936 Spenser Center,Saint Cloud,MN,56372,320-975-7174,206-726-0913,jmcdonald28@hexun.com,http://chicagotribune.com,2011-07-03,1933-03-22,80184
82,David,King,Schaden-Zulauf,907 South Point,Des Moines,IA,50936,515-867-5873,419-326-4333,dking29@feedburner.com,https://lycos.com,2013-08-07,1972-07-04,95552
83,Joe,King,Kiehn-Parker,21691 Mosinee Pass,Stamford,CT,06922,203-849-9189,865-954-1362,jking2a@furl.net,http://cargocollective.com,2012-10-04,1976-03-06,91272
84,John,Cooper,Lind LLC,6495 Killdeer Crossing,San Bernardino,CA,92410,951-215-0225,513-898-2906,jcooper2b@nature.com,http://sciencedirect.com,2012-12-19,1992-06-22,93414
85,Ralph,Richards,Jenkins-Gorczany,29 Mccormick Plaza,El Paso,TX,88541,915-730-4655,813-196-7050,rrichards2c@oracle.com,https://list-manage.com,2013-07-14,1984-09-30,21056
86,Craig,Russell,"Berge, Luettgen and Yost",0526 Cambridge Terrace,Tallahassee,FL,32309,850-640-3261,757-699-4063,crussell2d@exblog.jp,https://sciencedaily.com,2010-08-30,1979-03-23,68211
87,Betty,Cunningham,"Howell, McCullough and Herman",23 Red Cloud Park,Charlotte,NC,28215,704-294-9259,843-751-2259,bcunningham2e@instagram.com,https://cargocollective.com,2013-01-30,1951-01-15,27648
88,Beverly,Jones,Ledner-Hane,8989 Myrtle Parkway,Mesa,AZ,85215,480-759-7739,512-127-7381,bjones2f@patch.com,https://unc.edu,2011-09-12,1986-11-28,42728
89,Diana,Butler,Swaniawski LLC,8729 Longview Junction,Charlotte,NC,28284,704-797-6929,408-156-1902,dbutler2g@mtv.com,http://google.co.uk,2011-04-05,1939-01-22,53605
90,Katherine,Duncan,"Nitzsche, Anderson and Keeling",948 Hoffman Trail,Cleveland,OH,44125,440-569-4111,316-319-6433,kduncan2h@ucsd.edu,http://facebook.com,2011-01-16,1960-11-05,71392
91,Bruce,Woods,Huels-Hudson,48231 Mifflin Parkway,Henderson,NV,89012,702-708-4906,719-204-7545,bwoods2i@bing.com,https://shop-pro.jp,2016-04-20,1946-10-06,88635
92,Beverly,Day,"Predovic, Goodwin and Bergnaum",5 Mesta Circle,Springfield,IL,62794,217-822-2573,212-120-2688,bday2j@macromedia.com,https://wsj.com,2012-02-27,1949-02-15,95208
93,Philip,Rodriguez,Schinner-Gorczany,7631 Ilene Crossing,Houston,TX,77060,713-405-5870,662-354-5676,prodriguez2k@japanpost.jp,https://berkeley.edu,2011-11-20,1981-10-07,59098
94,Antonio,Nguyen,Mraz-Harris,5 Macpherson Drive,Columbia,SC,29225,803-366-3189,303-462-1516,anguyen2l@toplist.cz,https://nih.gov,2015-05-22,1950-09-18,26850
95,Willie,Lawson,Schneider LLC,43024 Onsgard Park,Lexington,KY,40576,859-687-4324,312-288-8810,wlawson2m@artisteer.com,http://netscape.com,2011-09-22,1952-08-01,36493
96,Bonnie,Burke,Abbott-McLaughlin,138 Thackeray Way,Chicago,IL,60652,773-989-3378,757-845-7847,bburke2n@google.co.uk,http://indiegogo.com,2014-12-22,1927-05-07,74737
97,Debra,Dean,Kris-Schowalter,5226 Transport Point,Albany,NY,12237,518-319-6260,414-652-7364,ddean2o@cam.ac.uk,http://about.com,2016-03-27,1921-12-24,39422
98,Cynthia,Fisher,Boehm-Brakus,7788 Katie Avenue,Lexington,KY,40596,859-839-7048,214-529-5615,cfisher2p@answers.com,http://google.co.jp,2011-04-11,1929-02-13,44147
99,John,Garcia,"Deckow, Schuppe and Sauer",29109 Pankratz Road,Syracuse,NY,13251,315-515-5988,202-169-5882,jgarcia2q@altervista.org,https://howstuffworks.com,2014-07-24,1994-03-23,74387
100,Victor,Dunn,"Muller, Hauck and Flatley",5 Columbus Road,Littleton,CO,80126,303-492-3225,916-424-1164,vdunn2r@wp.com,http://rakuten.co.jp,2012-06-11,1957-08-15,32031
101,Debra,Jackson,Wintheiser-Bernier,3 3rd Center,Fresno,CA,93715,559-914-0810,503-267-5580,djackson2s@nature.com,https://rambler.ru,2015-06-15,1946-04-22,29776
102,Justin,Little,"Blick, Kassulke and Kulas",704 Gale Court,Petaluma,CA,94975,707-842-4419,314-328-1202,jlittle2t@acquirethisname.com,https://shareasale.com,2014-05-16,1972-12-18,50579
103,Roger,Greene,"Goldner, Mayert and Kassulke",7 Forest Dale Lane,Iowa City,IA,52245,319-723-1562,773-821-6257,rgreene2u@chicagotribune.com,https://arizona.edu,2011-04-10,1974-05-12,76531
104,Helen,Garrett,Langworth and Sons,23 Nova Junction,Fairfax,VA,22036,571-480-6675,727-902-3240,hgarrett2v@merriam-webster.com,http://wunderground.com,2014-06-12,1945-07-20,83353
105,Karen,Davis,Kilback-Hane,03 Upham Plaza,Denton,TX,76210,214-357-8454,405-631-1853,kdavis2w@phpbb.com,http://si.edu,2011-07-04,1949-10-28,88616
106,Bobby,Jenkins,Kerluke-Morissette,0 Bartillon Pass,Memphis,TN,38150,901-502-5577,817-108-2645,bjenkins2x@sphinn.com,https://amazon.de,2012-04-15,1978-11-27,27970
107,James,Moore,McLaughlin-Hoeger,501 Novick Crossing,Albany,GA,31704,229-502-5989,214-690-2506,jmoore2y@biblegateway.com,http://alibaba.com,2016-02-02,1975-07-21,69465
108,Bobby,Coleman,"Toy, Davis and Bauch",60 Dryden Center,Philadelphia,PA,19184,215-225-8449,213-507-4563,bcoleman2z@tiny.cc,http://chron.com,2011-02-05,1918-12-31,49548
109,Ernest,Simpson,"Hills, Kassulke and Ortiz",87 Schiller Road,Pasadena,CA,91199,626-416-0682,360-981-5438,esimpson30@sourceforge.net,https://unblog.fr,2010-08-07,1972-04-17,65235
110,Katherine,Burton,Boyle-Paucek,83 Sutteridge Court,Columbus,OH,43284,614-932-7836,918-115-5149,kburton31@mediafire.com,http://wordpress.org,2011-12-25,1913-05-21,54019
111,Louise,King,"Hackett, Satterfield and Feil",08509 Hoffman Point,Colorado Springs,CO,80905,719-218-3037,818-968-2493,lking32@slashdot.org,https://adobe.com,2012-07-30,1974-03-01,45173
112,Christina,Rogers,Olson-Leuschke,30061 Helena Drive,Dallas,TX,75277,214-531-2786,813-408-3121,crogers33@studiopress.com,http://princeton.edu,2012-03-21,1921-11-21,71972
113,Alan,Peters,"White, Welch and Rowe",072 Oak Valley Way,Grand Rapids,MI,49518,616-231-7334,304-822-5537,apeters34@hubpages.com,https://va.gov,2016-05-21,1979-04-09,78935
114,Victor,Pierce,Bartoletti-Corkery,97 Londonderry Place,Fort Collins,CO,80525,970-570-8435,513-259-0754,vpierce35@bloomberg.com,https://squarespace.com,2015-12-21,1916-07-03,86144
115,Rebecca,Black,Bartell Inc,98847 Crowley Center,Bellevue,WA,98008,206-109-5563,617-329-3856,rblack36@loc.gov,https://ebay.co.uk,2016-05-29,1909-07-08,82411
116,Carolyn,Lynch,"Kris, O'Kon and Crona",1 Hoffman Avenue,Santa Rosa,CA,95405,707-369-1679,239-552-3094,clynch37@fda.gov,http://feedburner.com,2010-06-18,1947-07-08,57714
117,Deborah,Morris,"Morissette, Witting and Altenwerth",8193 Novick Center,Pasadena,CA,91199,626-269-6743,813-926-8840,dmorris38@wired.com,http://slideshare.net,2014-04-19,1984-02-29,47616
118,Theresa,Holmes,Will Inc,32 Claremont Drive,Huntington Beach,CA,92648,760-998-0740,215-345-5808,tholmes39@sphinn.com,https://admin.ch,2014-03-10,1925-07-08,22930
119,Ralph,Palmer,"Crona, Ziemann and Olson",15 Washington Terrace,Winston Salem,NC,27110,336-273-6406,716-470-2979,rpalmer3a@infoseek.co.jp,http://salon.com,2014-12-23,1947-08-26,68522
120,Doris,Austin,Collins-Schroeder,914 Brickson Park Point,Lexington,KY,40586,859-422-5114,954-115-7395,daustin3b@mtv.com,https://youtube.com,2010-08-03,1916-01-13,85880
121,Brandon,Bennett,Welch-Hartmann,06798 Glendale Parkway,Evansville,IN,47719,812-763-6768,404-603-2349,bbennett3c@reuters.com,http://shareasale.com,2011-01-17,1920-04-20,25670
122,Jeremy,Jacobs,Rau-Hudson,188 Hanson Alley,Sacramento,CA,94230,916-764-6833,754-608-9033,jjacobs3d@ucoz.com,http://census.gov,2010-06-12,1906-10-21,20646
123,Jessica,Reynolds,Mraz-Schaefer,7 Killdeer Circle,Jacksonville,FL,32209,904-674-2894,806-302-1914,jreynolds3e@github.io,http://indiatimes.com,2012-03-03,1965-07-21,22110
124,Margaret,Martin,"DuBuque, Kirlin and Ruecker",413 Grover Parkway,Canton,OH,44720,234-578-3169,202-676-8695,mmartin3f@webmd.com,https://about.me,2015-04-13,1983-04-28,91448
125,Rebecca,Hughes,"Cormier, Pollich and Pagac",8 Wayridge Park,San Antonio,TX,78230,830-290-7426,218-225-7966,rhughes3g@shutterfly.com,https://opensource.org,2011-05-31,1940-05-29,97366
